{
  "id": "scabardconnect",
  "title": "Scabard Connect",
  "description": "Provides a bare-bones Foundry module template repo to get set up with using the TyphonJS Runtime Library and Svelte with ES Modules.",
  "version": "1.6.3",
  "authors": [
    {
      "name": "David Ward",
      "url": "https://www.grimwood.games",
      "discord": "grimwood_games"
    }
  ],
  "compatibility": {
    "minimum": "10",
    "verified": "11"
  },
  "esmodules": ["index.js"],
  "styles": ["style.css"],
  "flags": {
    "hotReload": {
      "extensions": ["json"],
      "paths": ["lang"]
    }
  },
  "languages": [
    {
      "lang": "en",
      "name": "English",
      "path": "lang/en.json"
    }
  ],
  "socket": false,
  "url": "https://github.com/professorx00/Scabard-Connect-Svelte",
  "readme": "https://github.com/professorx00/Scabard-Connect-Svelte/main/README.md",
  "bugs": "https://github.com/professorx00/Scabard-Connect-Svelte/issues",
  "changelog": "https://github.com/professorx00/Scabard-Connect-Svelte/releases/tag/1.6.3",
  "manifest": "https://github.com/professorx00/Scabard-Connect-Svelte/releases/download/1.6.3/module.json",
  "download": "https://github.com/professorx00/Scabard-Connect-Svelte/releases/download/1.6.3/scabardconnect.zip",
  "protected": false,
  "coreTranslation": false,
  "library": false
}